Barcode,Predicted_CellType
TGAGGAGAGGTAAGTT-1,Endothelial_cells
AGTAGTCAGGTACAAT-1,Hepatocytes
TGATCTTTCGCGTGCA-1,Hepatocytes
TGACCCTAGCCTCCAG-1,Endothelial_cells
CGTTGGGCAAAGGCAC-1,Hepatocytes
CTCCTTTTCACCTTGC-1,Hepatocytes
CTGAATGTCAAACCCA-1,Hepatocytes
GGGATCCTCGACCTAA-1,Hepatocytes
CACTGAAAGTAGTCTC-1,Hepatocytes
GTCGAATTCTGCACCT-1,Hepatocytes
AGCGTATTCACATCAG-1,Hepatocytes
TGCCGAGAGGCGTCCT-1,Tissue_stem_cells
TTCCACGAGTTCCTGA-1,Hepatocytes
AGTGATCCACTCTAGA-1,Hepatocytes
TGGAACTCATATGAAG-1,Macrophage
AAGTGAATCATCAGTG-1,Hepatocytes
GGGTCTGGTCATCGCG-1,Hepatocytes
TCTACCGTCTGCTTAT-1,Hepatocytes
GTACAACAGCAGATAT-1,Hepatocytes
TCGGGTGTCATTACGG-1,Hepatocytes
TGTAGACGTTACCCAA-1,Hepatocytes
TCAGGGCCACGACGTC-1,Hepatocytes
GTTGTCCTCACCGGTG-1,Hepatocytes
AGCGATTGTAGGAGGG-1,Hepatocytes
GCTCAAAAGGAGTCTG-1,Hepatocytes
GGGAGTAAGCTATCTG-1,Hepatocytes
TCTGGCTCAGGAATAT-1,T_cells
GTCTTTATCAGCTAGT-1,Hepatocytes
CTCATTAGTGAGCAGT-1,Macrophage
ACCACAAGTTGTTGAC-1,Hepatocytes
CATAAGCAGCCTGCCA-1,Hepatocytes
TGTGCGGAGGACAACC-1,Hepatocytes
GCCTGTTAGTTGGAAT-1,Hepatocytes
ACTTTCAAGAGGACTC-1,Hepatocytes
TTCACGCGTCCGGATC-1,Hepatocytes
GGTTCTCCAGCAGACA-1,Hepatocytes
TGAATGCTCGGTAGAG-1,Hepatocytes
ACACTGAAGGGCATGT-1,Macrophage
TCAAGTGTCGCCTAGG-1,Hepatocytes
CCCTGATTCTTAGCCC-1,Hepatocytes
AGGCATTTCTGAATGC-1,Tissue_stem_cells
TGCCGAGAGTGATTCC-1,T_cells
TTCTCTCAGAAACCAT-1,Hepatocytes
TTACCATAGTGCAGCA-1,Hepatocytes
CCTACGTCAGCGTATT-1,Macrophage
GCTTCACCAATTGCGT-1,Hepatocytes
TCTAACTCAAGCTACT-1,Hepatocytes
GAATCGTCACCCTAGG-1,Hepatocytes
CGATGGCGTGACAACG-1,Hepatocytes
CCGAACGTCTCTCTTC-1,Macrophage
AAGTTCGCATATGGCT-1,Hepatocytes
ACCGTTCGTCTCTCCA-1,Hepatocytes
ACCTGTCCAGTCGCTG-1,Hepatocytes
GTTACCCTCAGTCTTT-1,Hepatocytes
TGTTGGAAGTCTTCGA-1,Hepatocytes
CAGATCATCAGACAAA-1,Hepatocytes
TGCATGAAGGTGCTTT-1,Hepatocytes
GCTCAAAAGCGCCTTG-1,Hepatocytes
GCCAGTGGTGGAACCA-1,Hepatocytes
CACATGACAGCGTGCT-1,T_cells
CCGTGAGGTGTATACC-1,Hepatocytes
TAGGTTGAGCTAGATA-1,Hepatocytes
ACCACAAAGAATTGCA-1,Hepatocytes
CACGTTCTCGCATTAG-1,Hepatocytes
CGCGTGACACTCAAGT-1,Hepatocytes
TGTTGAGAGGTGATAT-1,Hepatocytes
ACCAACACACGGCCAT-1,Monocyte
AGAAATGCAGACATCT-1,Hepatocytes
ATTCTACTCTGTAACG-1,Hepatocytes
CACATGAGTCACTCAA-1,Hepatocytes
CGGGCATCATGAGGGT-1,Hepatocytes
CTTCTAATCAATGTCG-1,Hepatocytes
GGGTCACCACAGTCGC-1,Hepatocytes
TAGGGTTAGCTGCCAC-1,Hepatocytes
TCACGCTCAACACAGG-1,Hepatocytes
TCGGGCATCCTGTACC-1,T_cells
AGGTAGGTCTTACTGT-1,Hepatocytes
TCTTTGACATGCCGCA-1,Hepatocytes
TCAGTGAAGCATCGAG-1,Hepatocytes
TTTCATGGTATTGACC-1,Hepatocytes
TATCAGGGTATGAAAC-1,Hepatocytes
GATCAGTTCTGTCCGT-1,Hepatocytes
ACAGGGAGTTCGGTTA-1,Endothelial_cells
CTTCGGTGTGGACCAA-1,Hepatocytes
GAGACTTCAACTGCTA-1,B_cell
CTCAATTCAGTTTCGA-1,Hepatocytes
GAACGTTGTGTTTACG-1,Hepatocytes
ATCACGACATGAGAAT-1,Hepatocytes
TTACCGCCATGTGCCG-1,Hepatocytes
CAAGACTCATGGACAG-1,Hepatocytes
GAGTGAGTCGAGTACT-1,Hepatocytes
ATTTCTGAGAGAGCCT-1,Monocyte
TTCAGGAAGCCGATCC-1,Hepatocytes
CACTAAGGTCGCATCG-1,Hepatocytes
AGCGTCGCAGCTGCCA-1,Fibroblasts
TTGGGATCATCGGCCA-1,Hepatocytes
AATTCCTAGACGGAAA-1,Hepatocytes
GCACTAATCTGCTCTG-1,Hepatocytes
AGCTCAAGTCCAACGC-1,Endothelial_cells
CTGCCATCAACGATTC-1,Hepatocytes
AACCACAGTCAATGGG-1,Hepatocytes
ACATTTCTCCGCGGAT-1,Endothelial_cells
GTGTGATCAAATGAAC-1,Hepatocytes
GTCACTCTCCATTCGC-1,Hepatocytes
TCATACTGTAACAGTA-1,Smooth_muscle_cells
CTGTGGGGTCCCTGTT-1,Hepatocytes
CATTCTAAGAACCGCA-1,Hepatocytes
GGTTGTAGTTGGTACT-1,Hepatocytes
CACTGAACATGGCTGC-1,Hepatocytes
TCAAGCATCGTGGTAT-1,Hepatocytes
AACCACACAATGCAAA-1,Hepatocytes
CAAAGAACACCAGTAT-1,Hepatocytes
GATCGTAAGTAGACCG-1,Hepatocytes
CCCTGATTCGCGGACT-1,Hepatocytes
TCTTAGTTCTTGGTGA-1,Hepatocytes
CTCATCGCACCGGTCA-1,Hepatocytes
CAGTTCCTCGACACCG-1,Hepatocytes
TACGTCCAGTTAGAAC-1,Hepatocytes
GGTTCTCTCTCAACCC-1,Hepatocytes
TAACACGCACTGAGGA-1,Hepatocytes
CGTAGTAAGTCTTGGT-1,Hepatocytes
AGCCAGCCAACACAGG-1,Hepatocytes
ACTGTGATCCGGGACT-1,Hepatocytes
TTGAGTGAGTTTCAGC-1,Hepatocytes
CAGTTCCAGATTTGCC-1,Hepatocytes
CAGGCCACAAGTATCC-1,Hepatocytes
GGTAACTAGGTCCAGA-1,Tissue_stem_cells
AGGTAGGCAACACAGG-1,Endothelial_cells
CAACAGTTCTGGCTGG-1,Hepatocytes
ATCGTGAAGACGCATG-1,Hepatocytes
TGGTAGTCAGACAAAT-1,Hepatocytes
ACTGATGCATTGAAAG-1,Endothelial_cells
GGGTAGATCCTGTTGC-1,Hepatocytes
CATTCATGTCTTCATT-1,Hepatocytes
GCAGGCTAGCTATCTG-1,Hepatocytes
GTTGTCCGTGGGCTCT-1,Hepatocytes
GCCAGCAAGCATATGA-1,Hepatocytes
GAGTTGTTCCGGTAAT-1,Hepatocytes
GACCAATCAGCTTCCT-1,Fibroblasts
TGCAGGCGTCCGGCAT-1,Hepatocytes
GAGATGGCATCCGAGC-1,Hepatocytes
ATGGTTGTCAACACGT-1,Hepatocytes
CTATCCGGTGACGCCT-1,Hepatocytes
ACTGCAAGTACAAGTA-1,Hepatocytes
CGGGCATAGCACACAG-1,Tissue_stem_cells
TTCCACGCAGCGAGTA-1,Hepatocytes
CACGTGGGTGTTGATC-1,Tissue_stem_cells
TTACCGCGTGAAGCGT-1,Hepatocytes
GATTGGTTCATCTACT-1,Hepatocytes
TTAGGGTCATCACAGT-1,Hepatocytes
TTCCGTGTCGCGGTAC-1,Hepatocytes
AGGAGGTAGAGGCGGA-1,Hepatocytes
TGCATGAAGGTCACCC-1,Hepatocytes
CTTCAATAGGTATAGT-1,Tissue_stem_cells
CCACAAAAGACTGGGT-1,Endothelial_cells
GGAAGTGTCGGTCTGG-1,Hepatocytes
CCGAACGCACTGCTTC-1,Tissue_stem_cells
TCCCATGTCATCGCTC-1,Hepatocytes
TTTCAGTGTGAGGAAA-1,Hepatocytes
ACCGTTCCACGCTTAA-1,Hepatocytes
TTCACGCAGTGGGAAA-1,Hepatocytes
TCATCCGGTTCTATCT-1,Hepatocytes
TTCCTTCCACTCAGAT-1,Hepatocytes
CCGCAAGGTAGGCAGT-1,Hepatocytes
AACCACAGTTACGGAG-1,Hepatocytes
GCCAGTGCAGTCCCGA-1,Hepatocytes
TTATTGCTCCTCTCGA-1,Hepatocytes
CTGATCCTCTGCATAG-1,Hepatocytes
GTGTAACAGGTGCATG-1,Hepatocytes
ACTTCGCAGCGGATCA-1,Hepatocytes
GTGTTCCAGGGCTAAC-1,Hepatocytes
GCTCAAAAGAAGAGCA-1,Hepatocytes
CTGATCCGTCGTTCAA-1,Hepatocytes
TTTACCAAGGGCTTCC-1,Hepatocytes
ACACAGTAGAAGGGAT-1,Hepatocytes
TTGCCTGGTCGCTCGA-1,Endothelial_cells
AGTGTTGCACACAGAG-1,Hepatocytes
TATTGCTAGGTGGTTG-1,Hepatocytes
TCCGGGATCTTGTGCC-1,Hepatocytes
ACCCTCAGTAGGTTTC-1,Hepatocytes
TAAGTCGTCGGACTTA-1,Hepatocytes
ATCAGGTGTGAAAGTT-1,Hepatocytes
TCATCATAGCAAACAT-1,Hepatocytes
ATCACGAAGCGAGGAG-1,T_cells
AGGCTGCCAATCGCCG-1,Hepatocytes
TCTACATTCATAGAGA-1,Hepatocytes
GCCGTGACAATTCGTG-1,Hepatocytes
GGGTCTGCAAGACAAT-1,Hepatocytes
ATTTCACGTCCAAAGG-1,Hepatocytes
CACCAAAAGTTGGCTT-1,Hepatocytes
TGCGATAAGAGCAGCT-1,Hepatocytes
GTTCGCTTCAAACTGC-1,Hepatocytes
ACATCCCAGACTTAAG-1,Hepatocytes
GATGACTAGCATGCGA-1,Hepatocytes
AACCATGAGAGTCACG-1,Hepatocytes
GTCCCATGTACTCCCT-1,Hepatocytes
GGGTGTCCATATAGCC-1,Endothelial_cells
GCGATCGCAAAGACGC-1,Hepatocytes
TCAGTTTTCGGAAACG-1,Hepatocytes
AGGTCTACAATTTCCT-1,Hepatocytes
ATTCGTTAGGGAGAAT-1,Hepatocytes
TATTTCGAGTATAGGT-1,Hepatocytes
GGAACCCTCCTTCAGC-1,Hepatocytes
TCTTCCTAGCGTGTCC-1,Hepatocytes
TGCAGATCACTTCATT-1,Hepatocytes
ATGCCTCAGGATACCG-1,Hepatocytes
GTGGCGTGTGAGGATC-1,Endothelial_cells
AGTACCAGTGGGTCAA-1,T_cells
TGTTCATGTATCGTAC-1,Hepatocytes
GTCGTAAGTCTCTCTG-1,Hepatocytes
CAACAGTTCGACGCTG-1,Hepatocytes
CTAGACAGTGCGTGCT-1,Smooth_muscle_cells
TAAGTCGCACTCCTTG-1,Hepatocytes
TACTTGTGTTCGGTAT-1,Hepatocytes
GTTACGACAAGTCATC-1,Hepatocytes
GAAGGACCATCAGTCA-1,T_cells
ACCTGAATCAAGTCTG-1,Hepatocytes
TACAACGGTGAGGAAA-1,Hepatocytes
ATTGGGTGTCAACATC-1,Hepatocytes
CTGGTCTAGTGACCTT-1,Hepatocytes
CGCATAACAACGACAG-1,Hepatocytes
GGGTTATAGAAAGCGA-1,NK_cell
ACGGTCGGTTGTATGC-1,Tissue_stem_cells
CTATCCGTCCCACAGG-1,Hepatocytes
TGGAGGACACGTACTA-1,Hepatocytes
GGGTTTAAGGCTCAAG-1,Hepatocytes
AAGATAGTCGTAGGGA-1,Hepatocytes
CCACGTTGTGCAGATG-1,Hepatocytes
TCATGTTGTCTCGGGT-1,Hepatocytes
AGTAGTCCAGAGGTAC-1,Endothelial_cells
CCGTAGGCAGCGTACC-1,Fibroblasts
CCACGAGTCGAACGCC-1,Endothelial_cells
AGGTTGTGTAACAGGC-1,Hepatocytes
TCCCACACACATACTG-1,Hepatocytes
CAACCTCTCCCGTGAG-1,Hepatocytes
CGCCAGATCCTGGGTG-1,Hepatocytes
TGACCCTTCAACGAGG-1,Hepatocytes
CTCCAACAGCCTATCA-1,T_cells
CATGCGGAGTGCTCGC-1,Hepatocytes
ACATGCAGTAGTGCGA-1,Hepatocytes
ACGGTCGTCATCTACT-1,Smooth_muscle_cells
CCCTAACGTATGCTTG-1,Hepatocytes
AGAGCCCGTACATTGC-1,Hepatocytes
CATACAGTCCATGCAA-1,Hepatocytes
ACTCCCACATCCTCAC-1,Macrophage
TGGAACTCATAGATGA-1,Hepatocytes
CTTCCGACACAACATC-1,Smooth_muscle_cells
CCTAACCGTTTGGAGG-1,Hepatocytes
CATTTCATCAAGCGTT-1,Hepatocytes
TAGACTGGTCCGGTCA-1,NK_cell
TTAGTCTTCATACGGT-1,Hepatocytes
AATTTCCCATTAGGCT-1,Hepatocytes
ATTCACTTCACTTGTT-1,Hepatocytes
CTGCATCAGTCGAGGT-1,Hepatocytes
CGAGTGCTCCCATAAG-1,Smooth_muscle_cells
TCGGGTGCACATCATG-1,Hepatocytes
GTGTCCTTCCGCACTT-1,Hepatocytes
CGAATTGGTTGTCAGT-1,Hepatocytes
AAAGGATCAGGTCTCG-1,Hepatocytes
CCTCACATCCGGACTG-1,Hepatocytes
ATCCGTCGTTAAGTCC-1,Hepatocytes
GATTCTTTCTCCGAAA-1,Hepatocytes
ACAAAGAAGATGTTGA-1,Endothelial_cells
ACAGCCGAGGATAATC-1,Hepatocytes
TCAAGCAAGCCATCCG-1,Hepatocytes
AATGACCCAGCTGCCA-1,Hepatocytes
TGGGCGTGTATTTCTC-1,Hepatocytes
CTACCCAGTGACCGAA-1,Endothelial_cells
ATTACCTGTCACTGAT-1,Hepatocytes
GTCTGTCCAACCACAT-1,Endothelial_cells
ACCCAAAGTAAGTAGT-1,Endothelial_cells
AACCAACAGAGACAAG-1,Hepatocytes
TTGAGTGGTCGAGCTC-1,Hepatocytes
TCGTGGGTCCACCCTA-1,Hepatocytes
GACCTTCCACGTATAC-1,Hepatocytes
GAACGTTAGACTCGAG-1,Hepatocytes
AAGTACCAGAAGCTGC-1,Hepatocytes
GGAGATGAGTTACGTC-1,Hepatocytes
TAAGCACGTTGGACCC-1,Hepatocytes
GTTCGCTGTCGTGGAA-1,Hepatocytes
ACTATGGCAACCCTCT-1,Hepatocytes
CTCTCGACAGCTTTGA-1,Hepatocytes
CACACAATCTCCTACG-1,T_cells
GAAGTAAGTTGTATGC-1,Hepatocytes
CGCCAGATCGGTATGT-1,Hepatocytes
GAGAGGTAGGGTCACA-1,Hepatocytes
TTACCATGTATCTCTT-1,Hepatocytes
ACACCAAGTAGCTGAG-1,Hepatocytes
CTTCCTTGTACGTTCA-1,Hepatocytes
TCAGTTTAGGAGTATT-1,Hepatocytes
ATGAGTCAGGCTTAAA-1,Hepatocytes
TCGCAGGGTGATTCAC-1,Hepatocytes
TGTCCCATCAATCCAG-1,Hepatocytes
TTCCGTGAGGTTACAA-1,Hepatocytes
TCAGTTTCATCCTTGC-1,Hepatocytes
ACTGATGTCATTGAGC-1,Hepatocytes
TCTGCCAAGCTGCGAA-1,Hepatocytes
CATCCACCACACTGGC-1,Hepatocytes
GCCATGGCAGTTCCAA-1,Hepatocytes
GACCGTGAGGTCGTCC-1,Hepatocytes
TTGCTGCCATTGACTG-1,T_cells
CGGAACCGTTGAGGAC-1,Hepatocytes
ATCGCCTCAAATACAG-1,Hepatocytes
CCTCCTCCAGTGGTGA-1,Hepatocytes
TGCGATATCTCCTACG-1,Hepatocytes
GTAGTACAGCATGATA-1,Endothelial_cells
CTGCATCGTGGCACTC-1,Hepatocytes
TTCAGGAAGCTGTACT-1,Hepatocytes
ACATCCCGTTCTCACC-1,Hepatocytes
TGGTGATGTAGGAGTC-1,Hepatocytes
CTGTATTGTTCGGCTG-1,Hepatocytes
TACTTACCAGTAGATA-1,Hepatocytes
GTTTACTAGTACTCGT-1,T_cells
GGCAGTCAGAAACACT-1,Hepatocytes
GTTGTAGAGGCGTCCT-1,Hepatocytes
GGAGCAATCGCCTCTA-1,Hepatocytes
CAACAGTAGAGAGCAA-1,Hepatocytes
GATAGCTTCGCCGAAC-1,Hepatocytes
TTGCATTCATCCGCGA-1,Hepatocytes
CATTTCAAGCACTCAT-1,Endothelial_cells
CTGCCTATCAAGGACG-1,Smooth_muscle_cells
TCACTCGCACCGAATT-1,Hepatocytes
TGCACGGAGTACAACA-1,Hepatocytes
TGCGGCATCCTGGGAC-1,Hepatocytes
TCAGCAAAGGCGTTAG-1,Tissue_stem_cells
TCGAACAGTCCCAAAT-1,Hepatocytes
CTATCCGAGCTAGTTC-1,Smooth_muscle_cells
ACATCGACAGCTGCCA-1,Endothelial_cells
TTTACGTCAAATTGGA-1,Smooth_muscle_cells
TGTAGACGTCTTGAAC-1,Hepatocytes
TGAGGGAAGTCTACCA-1,Hepatocytes
TCTATCACAGGCTTGC-1,Hepatocytes
CGTGCTTAGATGCTTC-1,Hepatocytes
GTACAGTTCTGTTGGA-1,Hepatocytes
TTGCCTGAGGAGCTGT-1,Endothelial_cells
TACCGAAAGACAGCGT-1,Hepatocytes
GGACGTCGTACCGCGT-1,Smooth_muscle_cells
CTGTGGGCACCTGCGA-1,Hepatocytes
ATAGAGAGTACGACAG-1,Hepatocytes
ATCCCTGAGTTGCATC-1,Hepatocytes
CTGTCGTGTTGCCAAT-1,Hepatocytes
GACGTTAGTCAAGGCA-1,Hepatocytes
TCAAGCACACTTACAG-1,Hepatocytes
GCTTGGGAGAGAGTGA-1,Hepatocytes
AGGACTTGTGGTCTCG-1,Hepatocytes
CATGGATTCTCCCAAC-1,Hepatocytes
CAATACGTCCGGCAAC-1,Hepatocytes
AGGGTCCCATGGAACG-1,Hepatocytes
TCACGCTAGGATACCG-1,Hepatocytes
ATCCATTTCAAACGAA-1,Hepatocytes
CAGCAGCCAATAACGA-1,Hepatocytes
GACCAATGTCGAAGCA-1,Hepatocytes
GGCTTTCCAGCGGATA-1,Hepatocytes
TTCGGTCTCTTAGTTC-1,Macrophage
TTGGGTACACCATAAC-1,Hepatocytes
GCGAGAAAGGAACATT-1,Hepatocytes
GTAGGAGGTCTACATG-1,Smooth_muscle_cells
TTGCGTCGTAGGTCAG-1,Hepatocytes
GTTAGACTCCAGCAAT-1,Hepatocytes
ATTTCTGCATACACCA-1,Macrophage
CGTTGGGTCTTTGGAG-1,Hepatocytes
ATGAAAGCAGAGTTGG-1,Hepatocytes
AGACTCAGTCTTGAGT-1,Endothelial_cells
TGCGACGTCGATAACC-1,Hepatocytes
ACTGTCCCAACCGGAA-1,Hepatocytes
TGATTTCTCTTCCCGA-1,Hepatocytes
CTAAGTGAGATTGCGG-1,Hepatocytes
ACGCACGTCCGCACGA-1,Hepatocytes
AGTTAGCTCCCTATTA-1,Hepatocytes
TTCGATTTCTGAGGCC-1,Hepatocytes
GGCGTCACACTTTATC-1,Hepatocytes
AGCATCATCTTCACGC-1,Hepatocytes
CCTCAGTTCTAAGCGT-1,Hepatocytes
CCCTTAGCAGTCGTTA-1,Hepatocytes
CATTGAGGTCCTGTTC-1,Hepatocytes
TTGCGTCAGACATCAA-1,Endothelial_cells
GCGTTTCAGGTGCAGT-1,Hepatocytes
CGTGTCTTCGGTGTAT-1,Macrophage
TGCGATAAGAGTCCGA-1,Hepatocytes
AGAAATGAGCTACTAC-1,Fibroblasts
CATGCGGAGCCGTCGT-1,Hepatocytes
GTTAGTGCAGCGGTTC-1,Hepatocytes
TTCAATCAGATTGGGC-1,Hepatocytes
CAACCTCAGATAACAC-1,Hepatocytes
ACACCAAAGGGCCTCT-1,Hepatocytes
GCAGTTACACTGGCGT-1,Hepatocytes
CATGCCTAGTGCACTT-1,Smooth_muscle_cells
AACCAACGTCCTCCTA-1,Smooth_muscle_cells
GCACGTGCACTGGACC-1,Hepatocytes
ATGGAGGAGGGTAGCT-1,Hepatocytes
CCTCAACGTAGCTAAA-1,Macrophage
TGTTCATGTACTGAGG-1,Hepatocytes
ACCCTTGTCGCTTGAA-1,Hepatocytes
GAACTGTTCACAATGC-1,Hepatocytes
CTCAAGAAGCGGACAT-1,Smooth_muscle_cells
TGTTCCGAGTTAACAG-1,Smooth_muscle_cells
ATCACGATCGTCTCAC-1,Hepatocytes
GGTCTGGTCATGGATC-1,Hepatocytes
TTAGGGTCAGATAAAC-1,Hepatocytes
TTACGTTAGCGTGAGT-1,Hepatocytes
AACAACCAGGTGAGCT-1,Hepatocytes
TGTTGGACAGCGTTTA-1,Hepatocytes
CACAGGCGTATTGGCT-1,Hepatocytes
GTTGTAGTCCGCAAAT-1,Hepatocytes
CCGTAGGCAGCTTTGA-1,Hepatocytes
TGCTTCGTCTTCCCAG-1,Hepatocytes
CGAGTTATCCACACCT-1,Hepatocytes
ACATCGATCCCGAATA-1,Hepatocytes
TTGAGTGAGCGATGGT-1,NK_cell
CCAATTTTCAATCTCT-1,Hepatocytes
ACAGGGAGTTGCCTAA-1,Hepatocytes
CAGTTAGCACGACCTG-1,Endothelial_cells
ATTTCACTCTACAGGT-1,Hepatocytes
CGAGAAGCAAAGTATG-1,Hepatocytes
CATGCCTTCACTGGGC-1,Hepatocytes
AACGAAAAGGTACCTT-1,Hepatocytes
TTCGCTGAGAGCTGAC-1,Smooth_muscle_cells
AATGCCAAGGAATTAC-1,Macrophage
GTTCATTCACTCTAGA-1,Hepatocytes
TCATGCCGTTCCTAGA-1,Hepatocytes
GAGATGGAGTAATTGG-1,Endothelial_cells
TTGCGTCAGACAGTCG-1,Hepatocytes
TACAGGTTCTAACACG-1,Smooth_muscle_cells
AGGTGTTGTAGCGAGT-1,Hepatocytes
GGAGATGTCAGCTAGT-1,Fibroblasts
CGTGATAAGACTTCGT-1,Hepatocytes
TTACCATGTTGTGCAT-1,Hepatocytes
AGATCCAGTCACAGAG-1,Hepatocytes
ACGATCATCGCGTGAC-1,Hepatocytes
AATAGAGTCAAGGAGC-1,Hepatocytes
AACCTGAAGCGTGTTT-1,NK_cell
ACACTGATCGCAGATT-1,Hepatocytes
GGATCTACACCCTTGT-1,Hepatocytes
GATCACAAGATACTGA-1,Hepatocytes
GGAGGATAGGACGCTA-1,Hepatocytes
TGCGGCAAGGTGAGAA-1,Hepatocytes
AAGGTAATCGGAATTC-1,Hepatocytes
TAACTTCAGGAGGTTC-1,Hepatocytes
AATGGAATCCCGTGTT-1,Hepatocytes
TGATTTCAGAAGCGGG-1,Hepatocytes
ACGTAGTAGATACAGT-1,Hepatocytes
ATACCTTCACTGTGAT-1,Hepatocytes
GATAGCTTCAGTCATG-1,Hepatocytes
TGATCAGAGTTCGCAT-1,Hepatocytes
TTCTTCCGTTTAGTCG-1,Hepatocytes
CATACAGAGTGGACGT-1,Hepatocytes
CTAACTTGTTCCCACT-1,Hepatocytes
AACCACACATAGCACT-1,Hepatocytes
TCGGTCTGTGTTTGCA-1,Hepatocytes
CGATGGCCACGACGCT-1,Hepatocytes
TTGGATGGTCCTGTTC-1,Hepatocytes
AGGGAGTAGTGATAGT-1,Hepatocytes
AACAACCGTCCGGTGT-1,Fibroblasts
AACACACGTAGAGTTA-1,Hepatocytes
CATGCGGGTGCATGTT-1,Hepatocytes
TGGTTAGGTACAGTCT-1,Hepatocytes
TGTGAGTGTGATCATC-1,NK_cell
GTTACCCAGTAGCCAG-1,Hepatocytes
ATCGTGACAGTGGGTA-1,Hepatocytes
ATTTCACGTCCCTCAT-1,Hepatocytes
TTAGGGTCAAACGGCA-1,Hepatocytes
CTTTCGGTCTCCATAT-1,Hepatocytes
TGGGTTAAGTAACGAT-1,Smooth_muscle_cells
TTCACCGGTGAACTAA-1,Hepatocytes
TACGGGCCATCGGAGA-1,Hepatocytes
CTGTACCGTGAGATTA-1,Smooth_muscle_cells
TCATTTGTCTCATGGA-1,Hepatocytes
AGTAACCGTATCTCGA-1,Tissue_stem_cells
CTTTCGGTCCCACAGG-1,Hepatocytes
GTGCAGCTCTATACTC-1,Hepatocytes
CATACCCAGCCTGAAG-1,Hepatocytes
AAACGCTTCTAAGGAA-1,Hepatocytes
TTCTTCCAGGAGAGTA-1,Hepatocytes
TTCAGGAGTGGCGTAA-1,Hepatocytes
ATTTCTGTCATCTGTT-1,Hepatocytes
AAACGAATCTAGGCAT-1,Hepatocytes
TCATATCCAGTTGCGC-1,Hepatocytes
ACACCAATCGCAACAT-1,Hepatocytes
TTACTGTGTTCTCAGA-1,T_cells
ACAGAAAGTAGAGCTG-1,Macrophage
AGAAGCGCAAGTCCCG-1,Hepatocytes
TCACAAGTCTTAGTTC-1,B_cell
AAGTTCGTCGAAACAA-1,Hepatocytes
AGAGCAGCACCCAATA-1,Hepatocytes
AGGAATAGTTCCGTTC-1,Hepatocytes
TTGAGTGTCTGCGGAC-1,Smooth_muscle_cells
GAGTCTAAGGTGCTAG-1,T_cells
TCTCAGCCAATGTCAC-1,Hepatocytes
TTGACCCGTTACCTGA-1,Hepatocytes
CATAGACAGACTGGGT-1,Hepatocytes
GATGGAGGTACTGGGA-1,Smooth_muscle_cells
GATCAGTAGCGTGAAC-1,T_cells
GTGTGGCAGTGGTGAC-1,Endothelial_cells
TTACCGCCAAGAGGCT-1,Hepatocytes
AATGAAGCAAATCCCA-1,Hepatocytes
AGGGAGTTCATGCCCT-1,Hepatocytes
AGGGTTTCAGTCAACT-1,Hepatocytes
CTTCGGTGTAGACAGC-1,Hepatocytes
GGCGTCATCCCAATAG-1,Hepatocytes
TCGGATAGTTGTGTTG-1,Hepatocytes
GAAGAATTCTCTCGCA-1,Hepatocytes
AAAGTCCGTTACTCAG-1,Hepatocytes
GTACAGTTCACCCTCA-1,Hepatocytes
TGGGCGTTCAAGATAG-1,Hepatocytes
TCTATCAAGGTTGCCC-1,Hepatocytes
AAGTACCGTGGCTTGC-1,Fibroblasts
TATCGCCTCACCGGGT-1,Smooth_muscle_cells
CACCAAAAGTTGGAGC-1,Hepatocytes
ACAAAGAAGTTGTCAC-1,Hepatocytes
GGAGAACAGGATATAC-1,Hepatocytes
GTTGCGGAGGACTAAT-1,Hepatocytes
TTTCAGTTCACTGGTA-1,Hepatocytes
AAGTACCAGGTTACAA-1,Smooth_muscle_cells
CGCATAACAGGCATTT-1,Hepatocytes
ATGCCTCCATCAGCGC-1,Hepatocytes
GAAGAATCAGTCAACT-1,Endothelial_cells
CCCAACTGTAACACGG-1,Hepatocytes
TTACCGCTCTAGCCTC-1,Hepatocytes
ACGTAGTCACCGAATT-1,Hepatocytes
ACCCTTGAGAGTCAAT-1,Hepatocytes
AACAGGGCAAAGGCTG-1,Hepatocytes
ATCCACCGTTGGCCTG-1,Hepatocytes
CAGTTCCCATGTGGTT-1,Hepatocytes
CAGTTAGCACGGCTAC-1,Hepatocytes
AACCCAACATGGGCAA-1,Macrophage
TTCTAACCATGGGTCC-1,Hepatocytes
GATAGCTGTGATAGTA-1,Hepatocytes
CAACGATCATATACCG-1,Macrophage
TTCTGTACAGTCTTCC-1,Hepatocytes
ACTCTCGCAGAGACTG-1,Hepatocytes
GGATGTTAGTTGTCGT-1,Hepatocytes
TAGGGTTCACTGCGTG-1,Hepatocytes
TTAGGGTCATGGAACG-1,Hepatocytes
TGAATCGCAAATGCGG-1,Hepatocytes
TTCCTTCAGATGAAGG-1,Hepatocytes
CACTGTCGTTATAGAG-1,Hepatocytes
CGATGGCTCCTAAGTG-1,Hepatocytes
TCGAACACAGCGTTGC-1,Hepatocytes
TCTCAGCAGGCATGCA-1,Hepatocytes
AGAAGTATCAGGGATG-1,Hepatocytes
TCGGTCTGTACCTGTA-1,Hepatocytes
GGGATCCTCTGAATGC-1,T_cells
CTGAATGGTGCCTTTC-1,Hepatocytes
TTCTCTCGTTTGCCGG-1,Hepatocytes
CACAGATCATGACGAG-1,Hepatocytes
TTCTTGAGTCGTTGGC-1,Hepatocytes
GGGTCACTCGGACCAC-1,Hepatocytes
ATCCGTCTCCGATCTC-1,Hepatocytes
AACCAACGTGATTCAC-1,Smooth_muscle_cells
ACTTATCGTTTCGGCG-1,Hepatocytes
TCACGCTTCCGAACGC-1,Hepatocytes
CAACCAATCTCCGAAA-1,B_cell
ATCGTCCAGGCTTTCA-1,Hepatocytes
ATGGGTTAGTTCCAGT-1,Hepatocytes
CGCCAGACAATGGCAG-1,Hepatocytes
TGAGGTTAGGTTACCT-1,Hepatocytes
ATACTTCCAGTCTGGC-1,Hepatocytes
CATGAGTTCGAACACT-1,Hepatocytes
TCCAGAACAGTCAGAG-1,Hepatocytes
TGGGAGAAGCTCACTA-1,Endothelial_cells
GTGGAGACATAAGCGG-1,Hepatocytes
TGTAACGGTTGGACTT-1,Hepatocytes
ACCTGAATCCTCATAT-1,Hepatocytes
GTAATCGTCCATGCAA-1,Hepatocytes
TAATTCCGTACCCGAC-1,Hepatocytes
GCGATCGCAGGATCTT-1,Hepatocytes
CAAGACTAGTTACGAA-1,Hepatocytes
GAGAGGTCAACGACAG-1,Hepatocytes
CGAGGCTGTATCTTCT-1,Hepatocytes
ACACTGAGTGTCGCTG-1,Hepatocytes
TAGGAGGGTAGGCAGT-1,Hepatocytes
GTGGCGTAGCCTCTTC-1,Hepatocytes
CTTCTCTTCTTCGGAA-1,Hepatocytes
AAGCGTTTCATAGAGA-1,Hepatocytes
TGGTAGTCAGTAACGG-1,Hepatocytes
GCCCAGAGTCATCAGT-1,Hepatocytes
TAACGACGTTAGAGAT-1,Hepatocytes
AAAGAACGTCGACTGC-1,Macrophage
CATTTCAAGCTAAGTA-1,Hepatocytes
CTCCCAAGTGCTCTCT-1,T_cells
GGAATCTAGGAAAGAC-1,Hepatocytes
CGCAGGTTCTGTCCGT-1,Endothelial_cells
CTCAATTAGCGTCTGC-1,Smooth_muscle_cells
CTTCAATTCATTACCT-1,Hepatocytes
AGAGCAGAGAGCACTG-1,Hepatocytes
TGGGAGAGTACCTAAC-1,Hepatocytes
CTTTCAATCGTTCTAT-1,Hepatocytes
AGCTTCCTCACTGTCC-1,Hepatocytes
GACCCTTGTCTAACTG-1,Hepatocytes
CATACCCGTTCGATTG-1,Hepatocytes
GTGGAAGCAGCCTTCT-1,Hepatocytes
GTGGGAACATCCTATT-1,Hepatocytes
TCACACCAGCATGCAG-1,Endothelial_cells
TGCAGGCGTTCTATCT-1,Hepatocytes
TCAATTCAGTGCACTT-1,Hepatocytes
GTAAGTCCAAGACAAT-1,Hepatocytes
TTTCCTCTCAGATGCT-1,Hepatocytes
CACTTCGAGCGACCCT-1,Hepatocytes
AGGTAGGAGTCCCAAT-1,Hepatocytes
CCATCACCACACGTGC-1,Hepatocytes
ACTTTCAAGGTCATTC-1,Hepatocytes
AAAGTGAAGACCGCCT-1,Hepatocytes
GTTGTAGTCAACTCTT-1,Macrophage
CTTAGGAAGACCAACG-1,Hepatocytes
GACCCTTCAACAGATA-1,Hepatocytes
ATAGAGACAGCAATTC-1,Hepatocytes
TACAGGTTCCGAACGC-1,Hepatocytes
CTGGCAGCAATGTCAC-1,Hepatocytes
TTGGATGTCCGATCTC-1,Hepatocytes
AACAAAGCACCAGTTA-1,Hepatocytes
TTCCTAAGTTTGGGAG-1,Hepatocytes
CCTCTAGGTGTCCGTG-1,Hepatocytes
AGGTTGTAGGCGTTGA-1,Macrophage
AGTAGTCCAGCAAGAC-1,Hepatocytes
TACTGCCCAAAGCACG-1,Endothelial_cells
TGGAACTAGACTCTTG-1,Smooth_muscle_cells
AGACAAACATCACCAA-1,Hepatocytes
GATTTCTCAAGCGCAA-1,Hepatocytes
AGCATCAAGGGTCACA-1,Hepatocytes
TGGGAGACACCCTGAG-1,Hepatocytes
AATTCCTCATGAGATA-1,Hepatocytes
CTCCACACATTGGCAT-1,Hepatocytes
GTTCGCTAGCGATGCA-1,Hepatocytes
GCAGCCATCCATTTGT-1,Hepatocytes
TACCGAAAGCGGTAAC-1,Hepatocytes
ATCCCTGGTGCCAAGA-1,Hepatocytes
ATCGTCCCAGGGTTGA-1,Hepatocytes
CAAAGAAGTTCCTAGA-1,Hepatocytes
AGAACAAAGCGTTACT-1,Fibroblasts
GCAGGCTAGACATAAC-1,Hepatocytes
TGCGACGTCGCCACTT-1,Hepatocytes
GTAGTACAGAGATCGC-1,Hepatocytes
AAGCGTTAGTAGCAAT-1,Hepatocytes
ATACTTCTCTCACCCA-1,Hepatocytes
TAGTGCAGTGGACTAG-1,Hepatocytes
CAAGACTGTTCAAACC-1,Hepatocytes
CCTAAGAAGTTATGGA-1,Smooth_muscle_cells
AAGTTCGAGGGCTAAC-1,Hepatocytes
TGAGACTAGAACAGGA-1,Hepatocytes
TCAATCTTCGCTAATG-1,Hepatocytes
CTATAGGTCGATTGAC-1,Hepatocytes
GTTCATTCACGGTGTC-1,Smooth_muscle_cells
TAACGACAGAGTACCG-1,Hepatocytes
TTGTTGTGTGCTTATG-1,Hepatocytes
ACAAGCTTCCGATCGG-1,Hepatocytes
CAGGGCTAGACTCTTG-1,Hepatocytes
TTGGGATGTGTGACCC-1,Hepatocytes
TATTCCACAGAAATTG-1,Smooth_muscle_cells
CAGAGCCCAGTAGATA-1,Hepatocytes
CACACAACACGGCGTT-1,Smooth_muscle_cells
CGGGACTCATTGCCGG-1,Hepatocytes
TGGCGTGCATACAGAA-1,Hepatocytes
AGGACGACACCAGCTG-1,Hepatocytes
TTCATGTGTAACTAAG-1,Hepatocytes
CGATCGGCAAACTCTG-1,Hepatocytes
TGTGAGTTCTGGGTCG-1,Hepatocytes
AGACACTCATCGCTGG-1,Hepatocytes
TTCCTAAGTCTTGGTA-1,Hepatocytes
AATGGAAAGAGGGTCT-1,Hepatocytes
CGGAGAAGTCGAGCTC-1,Hepatocytes
AATCGTGTCGGTGCAC-1,Hepatocytes
TGGGCGTTCTGGTCAA-1,Hepatocytes
ATTCAGGTCGTTGCCT-1,Hepatocytes
ATTTCTGCATGATCTG-1,Hepatocytes
TCAGCCTCACCTGTCT-1,Hepatocytes
TGATGGTGTGGCTACC-1,Hepatocytes
GGAGGATTCTCCATAT-1,Hepatocytes
AGACCATAGTATGCAA-1,Hepatocytes
GTCCCATTCCGCAACG-1,Hepatocytes
TTGGTTTCAGAACGCA-1,Hepatocytes
GTTGTCCTCTCAACGA-1,Hepatocytes
GCTACCTTCCGAGTGC-1,Hepatocytes
CTCCCAATCCCTATTA-1,Hepatocytes
ATCGGATCATGGCGCT-1,T_cells
TCAGCAAAGTTACGGG-1,Endothelial_cells
AACAGGGAGAGTTGCG-1,Hepatocytes
TCGGATACATGGACAG-1,Hepatocytes
GTGGTTAAGCCATCCG-1,Hepatocytes
CTCATCGTCCGCTGTT-1,Hepatocytes
TCATTGTTCTATTCGT-1,Hepatocytes
TCTCACGAGTTGGGAC-1,Hepatocytes
TAACTTCCAACATCGT-1,Smooth_muscle_cells
CAACCTCTCTTCCTAA-1,Hepatocytes
TGACGCGGTCACAGTT-1,Hepatocytes
GTGTTAGCACATCCCT-1,Hepatocytes
TAGATCGGTCGGCCTA-1,Hepatocytes
CCTATCGAGCGATGAC-1,Hepatocytes
AAAGTCCAGTGGTTGG-1,Hepatocytes
AACACACAGGTCCCTG-1,Hepatocytes
GAAACCTTCTAGCAAC-1,Hepatocytes
GACTATGTCAGAGTTC-1,Hepatocytes
GCGAGAAAGCCGTTAT-1,Hepatocytes
ACCTACCCAACAGAGC-1,Hepatocytes
GCACTAATCGTAGGAG-1,Hepatocytes
GACACGCCATACAGGG-1,Hepatocytes
GATTCTTCAATGCTCA-1,Hepatocytes
TTGGATGCAACTGCTA-1,Hepatocytes
TTGCTGCCAAGTGCTT-1,Hepatocytes
TCGGGCAGTAGGTACG-1,Hepatocytes
GTGAGTTCAATTCACG-1,Endothelial_cells
CTACCCAAGCGCTGCT-1,Hepatocytes
TCAGTGATCGCAACAT-1,Smooth_muscle_cells
CTCAGAACATAGAAAC-1,Hepatocytes
TGTTGGAAGCTCCGAC-1,Hepatocytes
TAAGCACTCGATAACC-1,Endothelial_cells
CTGTACCAGCGCCCAT-1,Endothelial_cells
TGTTTGTGTTACCCAA-1,Hepatocytes
CACTGAAAGATACGAT-1,Hepatocytes
TCAGGTATCCATTGTT-1,Hepatocytes
TCGTAGAAGTACCGGA-1,Hepatocytes
AGTTCCCAGGCTTAAA-1,Hepatocytes
AGTACTGTCTAGTGAC-1,Hepatocytes
TATATCCGTCGTAATC-1,Hepatocytes
ATGGGTTCAACCACGC-1,Hepatocytes
AGCGTATGTGTGATGG-1,Hepatocytes
TTTGATCTCCCGTGAG-1,Hepatocytes
AGAGAGCCATGCACTA-1,Hepatocytes
CCTCACAAGGTGATCG-1,Hepatocytes
CAACAGTAGATACTGA-1,Hepatocytes
CCTCAGTTCTGCCTGT-1,Macrophage
ATCCACCTCTCACTCG-1,Hepatocytes
ACTCCCAGTATGTCTG-1,Smooth_muscle_cells
GATAGCTCATCCGAAT-1,Hepatocytes
TTGGATGAGTGCCGAA-1,Hepatocytes
GAGACTTCAACTTGGT-1,Hepatocytes
AAACGCTAGCTACAAA-1,Hepatocytes
CATACTTGTGGTATGG-1,Hepatocytes
CATACAGGTAGAAACT-1,Hepatocytes
AGTTCGAGTATCGAGG-1,Smooth_muscle_cells
TCTTGCGGTAACTAAG-1,Hepatocytes
TTGGGCGTCCTTTAGT-1,Hepatocytes
TGGTGATGTTTGCCGG-1,Hepatocytes
GCAGTTAGTGATTCAC-1,Hepatocytes
TCATGAGAGTATCCTG-1,Hepatocytes
GCCAGGTCAAGGGTCA-1,Hepatocytes
TCCTTCTTCTCACCCA-1,Hepatocytes
ATGCGATAGGGTTGCA-1,Hepatocytes
CTGCCATTCGGTCAGC-1,Hepatocytes
CGAGAAGGTTAGCGGA-1,Macrophage
CTGCGAGCAGGACATG-1,Hepatocytes
TGGAACTGTGGGTCAA-1,Hepatocytes
TGCAGTAGTGAACTAA-1,Hepatocytes
GTACAACAGACGACTG-1,Hepatocytes
TCCTCTTGTAGGTAGC-1,Fibroblasts
CCGGTAGTCCATCGTC-1,Hepatocytes
GGGAGTAAGATCGCTT-1,Hepatocytes
GGAGGTAAGCTGACTT-1,Hepatocytes
CATGCCTGTTGCGGCT-1,Hepatocytes
CCACAAACATTGCCGG-1,Hepatocytes
TTGACCCGTTACCCTC-1,Hepatocytes
TGGTACAAGCTGACAG-1,Hepatocytes
CTAACTTGTCCTGTTC-1,Hepatocytes
AGGGCCTTCTGTCAGA-1,Hepatocytes
GAATCACGTACTAAGA-1,Hepatocytes
GGCACGTCATGAGGGT-1,Hepatocytes
CAGGCCAGTGGACCAA-1,Hepatocytes
TCAGTTTGTCATGCAT-1,Hepatocytes
CTCAGTCTCAATGTCG-1,Hepatocytes
GAGGCAAAGACTCTTG-1,Hepatocytes
CTTCTCTTCATTCACT-1,T_cells
TCAATCTGTGAGCGAT-1,Macrophage
TGTCCACGTCGAAGCA-1,Smooth_muscle_cells
GAGTGAGAGTTAGTGA-1,NK_cell
AGAACAATCTATCGCC-1,Hepatocytes
TAGTGCAAGACTACCT-1,Hepatocytes
ATGGATCGTATGTGTC-1,Smooth_muscle_cells
GGCGTCATCTGCGAGC-1,NK_cell
CGGGTGTTCGCAATTG-1,Smooth_muscle_cells
GGTGTCGTCCGAACGC-1,Hepatocytes
TCTTTGAGTTCCTAAG-1,Hepatocytes
TCATTCAAGCAAATGT-1,Hepatocytes
ACTTCGCCACGCCACA-1,Monocyte
ATGCCTCGTGGTGATG-1,Hepatocytes
GAGAAATCAGCTTCCT-1,Hepatocytes
ATTGGGTTCACACCCT-1,Hepatocytes
TTTCATGGTGGCAGAT-1,Hepatocytes
ATCGATGCAGCTACCG-1,Hepatocytes
AAAGTGAAGCTGCCTG-1,Hepatocytes
GTTCATTAGGCTCTCG-1,Hepatocytes
AGGATCTGTTTCCAAG-1,Hepatocytes
CTGTAGAAGAAGCGAA-1,Hepatocytes
CGTCAAACATGAGTAA-1,Hepatocytes
GGAGGTAGTCATTCCC-1,Hepatocytes
TTTGATCCAGCGATTT-1,Hepatocytes
CTCAGGGGTCCTGTCT-1,Hepatocytes
CCTACGTCATCAGCTA-1,Hepatocytes
TAGACTGTCATCGCAA-1,Hepatocytes
CATGGATAGGGCCAAT-1,Hepatocytes
ATTCAGGCACATACGT-1,Macrophage
TTAGTCTCACGGTGAA-1,Hepatocytes
GTCATCCCATGTGCTA-1,Hepatocytes
CTGAGCGCAATGCTCA-1,Macrophage
GATCATGTCATTTCCA-1,Hepatocytes
ATGGAGGTCTGAGAGG-1,Hepatocytes
CAAAGAAAGCTCCCTT-1,Hepatocytes
TCCTCCCCATCAGTGT-1,Hepatocytes
CAGCGTGGTCGTATGT-1,Hepatocytes
AGCGATTAGTAGATCA-1,Hepatocytes
ATCGTAGTCTCTGCCA-1,Endothelial_cells
TTCCTCTTCTCCACTG-1,Endothelial_cells
GTTAGTGAGCAACTCT-1,Hepatocytes
TTTACCAAGGTATTGA-1,Hepatocytes
CACTGAAAGCCTTCTC-1,Monocyte
ACCAACAGTAGTCGTT-1,Hepatocytes
CGGAATTCAACCGCCA-1,Hepatocytes
CTGTACCCAGACCAGA-1,Hepatocytes
GCAGCTGAGGTAGTAT-1,Hepatocytes
GCAGCCAAGTCACAGG-1,Hepatocytes
GCGGAAATCGTGGCTG-1,Hepatocytes
AGAAATGTCATTGAGC-1,Hepatocytes
CACCGTTCAGCTGTAT-1,Macrophage
TCCTCCCTCTTTACAC-1,Hepatocytes
CCTCAGTAGTAACGAT-1,T_cells
CTAACTTTCGTTCTCG-1,Hepatocytes
ATTTCACAGCTTCGTA-1,Hepatocytes
TGAACGTAGGGAGGCA-1,Hepatocytes
TGGGCTGGTCGCACGT-1,Smooth_muscle_cells
TCGGATAGTACCTGTA-1,Hepatocytes
GCTGCAGAGCTTACGT-1,Hepatocytes
TTGCTGCGTCGCTTAA-1,Macrophage
TAGCACAGTACAGGTG-1,Macrophage
GCAACCGCACGCGTGT-1,Hepatocytes
CGCATGGAGTCATAGA-1,Hepatocytes
GAGTGAGAGCTCGGCT-1,Hepatocytes
GGGTGAACAATCTCTT-1,Hepatocytes
GCCAGCAGTCCACTCT-1,Hepatocytes
CTCGAGGGTCTAGATC-1,Hepatocytes
TGGTACATCCCATTCG-1,Hepatocytes
CCAATGAGTTGCCGCA-1,Hepatocytes
ACCACAAAGTAGGCCA-1,Hepatocytes
CTGATCCGTCGTATTG-1,Hepatocytes
GGGATCCGTAATCAGA-1,Hepatocytes
CTGAATGTCCCAAGCG-1,Hepatocytes
GGGATGATCGATCCCT-1,Hepatocytes
GGGTGTCTCCCGTTGT-1,Hepatocytes
AGGTCTACAGGATCTT-1,Hepatocytes
TGTAACGAGCATTGAA-1,Hepatocytes
CGTCCATAGGAGCTGT-1,Hepatocytes
AGGGAGTTCTCCATAT-1,T_cells
TGGGCTGTCTGCGAGC-1,Hepatocytes
ACCACAACACCCTTGT-1,Hepatocytes
TGTCCCATCGGTAGGA-1,Hepatocytes
ACTGCAACACAGTCGC-1,Hepatocytes
GCGTGCAAGTAGATCA-1,Hepatocytes
TTAATCCTCTGCGGGT-1,Hepatocytes
GTTACAGAGTTGTACC-1,Hepatocytes
TCCCACAAGTTGCTCA-1,Hepatocytes
CAACAGTTCTCTCTAA-1,NK_cell
AAGCCATCAGGTTTAC-1,Endothelial_cells
GAGACTTCATCGGATT-1,Smooth_muscle_cells
GCAGCCACAAAGACGC-1,Hepatocytes
ACTTATCGTTCCTAAG-1,Hepatocytes
TCGACCTCACAGTATC-1,Smooth_muscle_cells
TTCTAACTCCCAATAG-1,Hepatocytes
AAGACTCAGTCATGAA-1,Hepatocytes
GAGGCAAAGGTCGACA-1,Hepatocytes
TCCGATCTCATCACTT-1,Hepatocytes
GTTGAACAGATACGAT-1,Hepatocytes
CAGCAATTCGCTGTCT-1,Hepatocytes
CTCGAGGCAGGACATG-1,Hepatocytes
CGTCAAACACTCCGGA-1,Endothelial_cells
GTCTGTCCAATACCTG-1,Hepatocytes
GGGTCTGTCCTGGCTT-1,Hepatocytes
TTGGGATAGTTACTCG-1,Endothelial_cells
TTAATCCTCACACCCT-1,Hepatocytes
GGTGTTACAGTAACAA-1,Hepatocytes
CAGTTCCGTCTGATAC-1,Hepatocytes
GTCAAACTCTTACCAT-1,Smooth_muscle_cells
CCTCTAGGTCACCACG-1,Hepatocytes
AGACAAAGTCTCTCAC-1,Endothelial_cells
CCCGAAGAGTCGGCAA-1,T_cells
CTGCGAGAGAAGGGAT-1,Hepatocytes
CCTTCAGGTTCCCACT-1,Smooth_muscle_cells
TTCCAATTCATTATCC-1,Hepatocytes
GCGTGCATCTGAGAGG-1,Hepatocytes
GGTGTTAAGTCGCGAA-1,Hepatocytes
TCGATTTGTTCGTAAC-1,Hepatocytes
TTAGGCATCAGCCCAG-1,Hepatocytes
TATTTCGAGGAGAGGC-1,Hepatocytes
ATTTCTGAGCCAACCC-1,Hepatocytes
AAGCATCTCTACACAG-1,Endothelial_cells
TTGAACGGTTAGGAGC-1,Hepatocytes
ACTGTGAGTCGTGATT-1,Hepatocytes
CGCATAAGTCGTATGT-1,Endothelial_cells
CCGTTCATCAGTCTTT-1,Hepatocytes
CCTAAGAAGGTTTGAA-1,Hepatocytes
GTGAGCCGTTAAGAAC-1,Endothelial_cells
CGAGGAAAGTGCACAG-1,Hepatocytes
GCGATCGAGGACTAAT-1,Hepatocytes
ATGTCCCTCGGTCTAA-1,Hepatocytes
TGTTCATAGAATACAC-1,Hepatocytes
TCCAGAAGTCGATTTG-1,Hepatocytes
AACCTGAAGGGAGTGG-1,Hepatocytes
GCATCTCTCTTGCAGA-1,T_cells
TCGATTTGTTCAAGTC-1,Hepatocytes
TGTTTGTAGGATGCGT-1,Hepatocytes
CTGCTCAAGATCGGTG-1,Hepatocytes
GCACTAACATAGATGA-1,Hepatocytes
ACGTAGTAGCCTTCTC-1,Hepatocytes
GCATTAGCACTACTTT-1,Tissue_stem_cells
CTGATCCGTTACAGCT-1,Hepatocytes
TCTGTCGAGTATGCAA-1,Hepatocytes
ACTTATCAGACCCGCT-1,Hepatocytes
ACGGGTCTCGCTACGG-1,Hepatocytes
TCCTAATTCAGGAAAT-1,Hepatocytes
TCAGTGACAACAAAGT-1,Hepatocytes
CTTAGGAGTCAATGGG-1,Hepatocytes
ACAAGCTCATTGCTTT-1,Hepatocytes
GTGGGAAAGTTGTCGT-1,Hepatocytes
ACGCACGGTAAGACCG-1,Hepatocytes
CTTTCAATCCGTGTCT-1,Monocyte
TCTGTCGAGGAGCTGT-1,Smooth_muscle_cells
CTCTCAGTCCATAAGC-1,Hepatocytes
TCATCATTCGTAACTG-1,Endothelial_cells
TCATGCCAGCGCTGCT-1,Hepatocytes
GTATTTCCAACCCTCT-1,Hepatocytes
GATTCGACACCCTGAG-1,Hepatocytes
GTGGCGTAGCTGTACT-1,Hepatocytes
CTCATGCGTGTTAAAG-1,Hepatocytes
ATTGTTCTCCGTGGGT-1,Hepatocytes
GTCTGTCTCTAGTTCT-1,Endothelial_cells
TCAGTTTTCCTAACAG-1,Hepatocytes
CTATAGGGTCTTTCTA-1,Hepatocytes
CATCGTCAGGGAGGGT-1,Hepatocytes
TTCCTCTTCTATTTCG-1,Hepatocytes
TGTAACGCATCGAGCC-1,Hepatocytes
GTCGAATTCTCTGACC-1,Hepatocytes
AGGCCACCAAAGGAGA-1,Hepatocytes
TCTGCCAAGTGAGTGC-1,Hepatocytes
GATCCCTGTTAATCGC-1,Hepatocytes
CCGCAAGAGCCTGTGC-1,Hepatocytes
ACATCGATCCAGCAAT-1,Hepatocytes
TATTCCAAGGTCGTAG-1,Endothelial_cells
ATCTTCACAACAGCTT-1,Hepatocytes
TCTGTCGAGTCTGCGC-1,Smooth_muscle_cells
ATCGGCGGTGTCCAAT-1,Hepatocytes
AGGTTGTGTTCAGCTA-1,Hepatocytes
ATTCATCTCTCTGAGA-1,Hepatocytes
AGCGATTAGTTTCAGC-1,Hepatocytes
TACACCCCATGACCCG-1,Hepatocytes
TAGGTACGTGCAGATG-1,Hepatocytes
GGTTAACAGCCATCCG-1,Hepatocytes
GTAGGAGAGCTAATCC-1,Hepatocytes
GCAGCTGCATTGACCA-1,Hepatocytes
GCACGTGCACTTGAGT-1,Endothelial_cells
ATCGTAGGTCGTCTCT-1,Endothelial_cells
GCCAGCACAGTCCGTG-1,Hepatocytes
CACTGTCAGTAAACAC-1,Hepatocytes
GCATCTCCAAGACCGA-1,Hepatocytes
TTTGATCTCCTTGAAG-1,Hepatocytes
CCCTTAGGTCCCACGA-1,Hepatocytes
ACACTGACAATTCTCT-1,Hepatocytes
CTGTGGGTCACGGAGA-1,Hepatocytes
ACGTACAAGTAGGAAG-1,Hepatocytes
GCCTGTTCATGTGACT-1,Hepatocytes
CCGATGGGTCAGCGTC-1,Hepatocytes
CAACCTCGTGGGCTTC-1,Endothelial_cells
TGCGGGTGTCATCTAG-1,Hepatocytes
ACTCCCACATGACTCA-1,Hepatocytes
CTAACCCTCTTCGACC-1,Hepatocytes
AGGGTCCTCGCACGAC-1,Hepatocytes
GCCAGCAAGCGTTAGG-1,Hepatocytes
CACTGAAGTCCACTCT-1,Hepatocytes
ACGGTCGCATGTGGCC-1,Hepatocytes
TACGGTAAGCGTATGG-1,Macrophage
TGACTCCTCCGGCAGT-1,Hepatocytes
CAAGAGGGTGTCCATA-1,Endothelial_cells
GGGACCTCATCCTTGC-1,Hepatocytes
TACGGTACACAAATGA-1,Hepatocytes
TCACGGGGTTCAAAGA-1,Endothelial_cells
GGTGTTAGTTTGAACC-1,Hepatocytes
GACTCTCTCTTGTTAC-1,Hepatocytes
TACATTCAGGAGGTTC-1,Endothelial_cells
AGGGCCTGTCTGTTAG-1,Hepatocytes
GGCTTTCCATCACGGC-1,Smooth_muscle_cells
ATGCATGAGATGCTGG-1,B_cell
CAGATACAGAACAAGG-1,Hepatocytes
GTGTTAGCATCGTCCT-1,Tissue_stem_cells
CGGGACTGTGTCGATT-1,Hepatocytes
TACCTCGCAGTTAAAG-1,Hepatocytes
ATCGATGTCGGACTGC-1,Hepatocytes
TCATACTCAGACCTGC-1,Smooth_muscle_cells
TGCTCCACAAATCGTC-1,Endothelial_cells
GGTGGCTAGCCAGACA-1,Hepatocytes
TGTTGGACACCTGTCT-1,Hepatocytes
AAGGAATTCCTCCACA-1,Hepatocytes
TGCGACGAGTCCCTAA-1,Hepatocytes
ACACTGAAGACATACA-1,Endothelial_cells
TAACACGTCGAGATGG-1,T_cells
TCCATCGCAGAAGCGT-1,Hepatocytes
TTCCAATTCCGCCTAT-1,Hepatocytes
TGCTTCGCATTGCTGA-1,Hepatocytes
ATCGTCCTCTGCCTCA-1,Hepatocytes
GCTGAATAGTGAGTGC-1,Hepatocytes
ATATCCTGTCTACACA-1,Hepatocytes
TCATGCCTCGTACACA-1,Hepatocytes
ATCGCCTAGAGAGCCT-1,Hepatocytes
CAGTTCCCATGCGGTC-1,Hepatocytes
GGACGTCAGAGTTGCG-1,Hepatocytes
GGCGTCACAATCGCGC-1,Endothelial_cells
